atletas.apelido;atletas.atleta_id;atletas.preco_num;preco
Juan;36540;6.12;6,12
Z_ Roberto;36612;7.38;7,38
Oswaldo de Oliveira;36940;12.08;12,08
Mano Menezes;37281;12.32;12,32
Gilson Kleina;37306;12.06;12,06
Paulo Andr_;37604;3.81;3,81
Michel Bastos;37607;5.79;5,79
Cristian;37608;3.74;3,74
Rafael Marques;37623;1.88;1,88
Rodrigo;37644;7.71;7,71
Marcelo Mattos;37645;4.0;4
Bet‹o;37646;7.32;7,32
Nilmar;37653;6.08;6,08
Rafael Moura;37655;4.7;4,7
F‡bio;37656;11.67;11,67
Edu Dracena;37657;9.29;9,29
Jonathan;37662;8.84;8,84
Alecsandro;37673;1.79;1,79
Wagner;37674;4.89;4,89
C’cero;37688;4.28;4,28
Henrique;37694;4.48;4,48
L_o Moura;37701;9.67;9,67
Juan;37705;4.19;4,19
Arouca;37718;4.95;4,95
Marcelo Grohe;37770;10.04;10,04
Edinho;37792;3.3;3,3
Rafael Sobis;37798;9.27;9,27
Gustavo;37840;4.14;4,14
Maicosuel;37851;5.9;5,9
Luis Fabiano;37919;11.3;11,3
Roger Bernardo;37934;4.73;4,73
Aranha;37984;12.45;12,45
Anderson;38001;0.79;0,79
Wendel;38021;4.37;4,37
Lugano;38062;2.29;2,29
Danilo;38067;3.87;3,87
Durval;38100;7.22;7,22
Jefferson;38109;9.57;9,57
J™;38138;12.54;12,54
Fernando Prass;38140;14.68;14,68
Marquinhos;38150;2.98;2,98
Artur Moraes;38156;6.0;6
Fred;38162;15.99;15,99
Maicon;38196;7.26;7,26
F‡bio Santos;38229;4.46;4,46
Robinho;38246;12.75;12,75
Thiago Neves;38277;17.2;17,2
Wellington Paulista;38279;9.86;9,86
Roger;38287;10.31;10,31
M‡rcio Araœjo;38311;8.13;8,13
Jadson;38315;10.29;10,29
Thiago Heleno;38394;9.08;9,08
Rafinha;38421;5.87;5,87
F‡bio Ferreira;38425;5.0;5
Diego Cavalieri;38431;3.8;3,8
Pierre;38440;3.54;3,54
Eder Luis;38508;1.98;1,98
Diego Alves;38509;11.36;11,36
Ed’lson;38523;10.15;10,15
Cleiton Xavier;38530;5.48;5,48
Felipe Melo;38545;7.83;7,83
Danilinho;38617;4.13;4,13
Hernanes;38648;17.83;17,83
Douglas;38738;14.0;14
Maicon;38748;5.73;5,73
Anderson;38852;3.01;3,01
Renato;38908;6.12;6,12
Diego;38909;19.4;19,4
Ricardo Oliveira;38910;10.94;10,94
Nenê;38913;11.8;11,8
Dudu Cearense;38928;3.91;3,91
Rafael Marques;38957;3.95;3,95
Jonas;39152;6.0;6
Carpegiani;39355;11.91;11,91
Renato;39572;4.32;4,32
Vagner Mancini;39850;8.99;8,99
Abel Braga;40006;11.68;11,68
Kleber;40179;11.59;11,59
Dorival Jœnior;40990;10.1;10,1
Magr‹o;41218;7.33;7,33
Renato Gaœcho;41929;15.46;15,46
Willian;42116;7.51;7,51
Felipe Santana;42140;7.86;7,86
Eg’dio;42145;8.81;8,81
Fernando Bob;42213;7.49;7,49
Osvaldo;42222;4.34;4,34
Amaral;42232;3.93;3,93
C‡ssio;42234;12.02;12,02
Bruno;42499;4.28;4,28
Fagner;42500;13.22;13,22
Rhodolfo;42501;8.31;8,31
Jœlio C_sar;49673;5.15;5,15
Fabr’cio;49674;6.47;6,47
Wilson;50284;15.77;15,77
Guilherme;50294;9.0;9
Everton;50301;13.37;13,37
Adilson;50307;3.62;3,62
Elicarlos;50313;6.08;6,08
David Braz;50317;12.45;12,45
Hudson;50324;6.9;6,9
Marcelo Oliveira;50328;7.36;7,36
Conca;50348;8.35;8,35
Lucas;50362;2.41;2,41
Carlos Eduardo;50369;2.49;2,49
Paulo Henrique;50398;3.0;3
Kayke;50402;4.24;4,24
Marquinho;50407;2.98;2,98
Breno;50408;3.67;3,67
Wesley;50421;3.03;3,03
Vilson;50439;4.0;4
L_o;50459;8.35;8,35
Eduardo;50645;7.05;7,05
Henrique;50856;9.67;9,67
Keirrison;50880;2.19;2,19
Apodi;51042;10.26;10,26
Denis;51175;5.0;5
Emerson Silva;51299;5.9;5,9
Leandro Donizete;51318;3.32;3,32
Renato Caj‡;51319;6.29;6,29
Walter;51413;6.88;6,88
Roger Carvalho;51415;7.51;7,51
Thiago Carleto;51700;6.02;6,02
Bruno Rodrigo;51705;5.21;5,21
ƒverton Ribeiro;51772;13.64;13,64
Kanu;51792;8.46;8,46
Leandro Salino;51905;5.87;5,87
R_ver;52253;10.69;10,69
Anderson Martins;52618;8.9;8,9
Gilson;52674;7.63;7,63
Victor;52950;10.86;10,86
Ferdinando;53731;5.0;5
L_o Gamalho;53865;6.8;6,8
Elias;54395;13.06;13,06
Tœlio de Melo;54797;5.62;5,62
Luis Ricardo;55348;6.8;6,8
Jo‹o Paulo;56102;5.14;5,14
Willians;60787;3.06;3,06
Marquinhos;60788;3.95;3,95
Ded_;60819;8.86;8,86
Jael;60859;3.41;3,41
Patric;60969;7.63;7,63
Rodriguinho;61033;14.86;14,86
Lucca;61149;20.75;20,75
Gilberto;61188;3.32;3,32
Carlos Cesar;61211;4.46;4,46
Airton;61985;5.63;5,63
Edimar;62024;5.42;5,42
Jean;62047;13.53;13,53
Par‡;62086;8.43;8,43
Robinho;62104;7.1;7,1
Vanderlei;62121;21.73;21,73
Walter;62128;7.42;7,42
Wellington;62129;1.2;1,2
William Matheus;62130;6.88;6,88
Marcelo Oliveira;62136;9.85;9,85
Werley;62974;8.16;8,16
Jo‹o Paulo;62997;5.15;5,15
Marcos Rocha;63013;11.6;11,6
Willian Farias;63058;9.33;9,33
Alan Ruschel;63110;2.3;2,3
Juninho;63119;6.69;6,69
Douglas;63128;3.77;3,77
Mois_s;63158;9.94;9,94
Paul‹o;63172;4.33;4,33
Luan;63219;5.73;5,73
Jucilei;63422;13.6;13,6
Andr_;68690;12.48;12,48
Armero;68693;1.86;1,86
Bruno Silva;68698;12.69;12,69
Diego Renan;68725;4.69;4,69
Emerson Sheik;68744;5.89;5,89
Vecchio;68745;1.72;1,72
Everton Heleno;68749;1.7;1,7
Fernandinho;68758;10.47;10,47
Camacho;68770;3.7;3,7
Henrique Almeida;68773;13.74;13,74
Jœnior Dutra;68784;8.22;8,22
Neto Berola;68807;8.5;8,5
Nino Para’ba;68808;19.08;19,08
Rafael Galhardo;68821;2.5;2,5
Rafael Santos;68822;3.0;3
Renato Chaves;68827;2.84;2,84
Rithely;68834;10.4;10,4
Paulo Victor;68873;5.96;5,96
Klever;68884;3.09;3,09
Dig‹o;68886;5.06;5,06
Gum;68887;5.56;5,56
Andr_ Lima;68893;6.67;6,67
Wellington Silva;68895;8.29;8,29
Ramon;68896;11.58;11,58
Rodrigo Pimp‹o;68901;7.31;7,31
Anselmo;68910;7.06;7,06
Diego Souza;68911;14.58;14,58
Dudu;68920;16.93;16,93
Leonardo Silva;68925;8.81;8,81
Rafael;68928;8.76;8,76
Thiago Ribeiro;68929;4.7;4,7
Kieza;68930;8.03;8,03
Renan Ribeiro;68932;8.9;8,9
Giovanni Augusto;68938;5.75;5,75
Ronaldo Alves;68950;7.71;7,71
Marquinhos Gabriel;68954;9.1;9,1
Wallace Reis ;68958;8.67;8,67
Giovanni;68979;4.47;4,47
Gustavo Santos;68986;1.0;1
Jo‹o Vitor;68987;5.0;5
Neto;69008;5.0;5
Jo‹o Carlos;69010;3.75;3,75
Santos;69012;5.43;5,43
Manoel;69014;8.16;8,16
Paulinho;69016;6.58;6,58
Deivid;69018;5.04;5,04
Vladimir;69040;4.0;4
Paulo Roberto;69047;2.66;2,66
Pablo;69138;2.06;2,06
Pablo;69165;11.14;11,14
L_o;69177;6.08;6,08
Mart’n Silva;69249;7.12;7,12
Lucas Barrios;69282;9.0;9
Reinaldo Rueda;69486;13.11;13,11
Nik‹o;69705;7.36;7,36
Romulo;70009;5.08;5,08
Victor Ferraz;70046;9.74;9,74
Tiago Real;70058;5.55;5,55
Fellipe Bastos;70116;2.9;2,9
Alan Santos;70132;5.69;5,69
Ederson;70173;4.25;4,25
Sid‹o;70222;6.0;6
Fillipe Soutto;70581;3.43;3,43
Marllon;70666;10.22;10,22
F‡bio Carille;70696;11.81;11,81
Seijas;70742;6.21;6,21
Diogo Barbosa;70916;13.84;13,84
Jackson;70934;7.0;7
Bruno Henrique;70944;9.84;9,84
L_o Cittadini;70986;2.97;2,97
Leo;71043;3.0;3
Mancuello;71066;7.7;7,7
Roberto;71116;4.12;4,12
Vin’cius;71162;6.06;6,06
Baumjohann;71389;4.71;4,71
Lucho Gonz‡lez;71479;5.45;5,45
Kelvin;71549;5.03;5,03
Fernando Miguel;71571;9.26;9,26
Gabriel;71572;1.0;1
Weverton;71631;5.16;5,16
Manga Escobar;71704;4.43;4,43
Cu_llar;71709;6.51;6,51
Elton;71719;4.43;4,43
Agenor;71724;4.57;4,57
Bruno Grassi;71818;3.84;3,84
Wellington Silva;71892;7.0;7
Michel ;71920;8.87;8,87
Diego Rosa;71927;9.52;9,52
Juninho;71937;10.52;10,52
Uillian Correia;72007;5.05;5,05
Renan Fonseca;72037;3.3;3,3
Bruno Cortez;72079;11.26;11,26
Fernandinho;72150;5.26;5,26
Jo‹o Paulo;72168;3.86;3,86
Jailson;72290;7.3;7,3
Airton ;72297;1.6;1,6
Rodrigo Lindoso;72362;10.11;10,11
Cl_ber Reis;72376;6.22;6,22
Hernane;72386;7.33;7,33
Fred;72490;4.26;4,26
Bressan;72491;2.2;2,2
Luan;72565;5.16;5,16
Mauricio Kozlinski;72595;7.69;7,69
William Menezes;72603;2.0;2
Escudero;72745;3.5;3,5
Vladimir Hern‡ndez;72879;7.28;7,28
Eduardo da Silva;72893;5.87;5,87
Jorge Mendoza;73144;2.69;2,69
Renê Jœnior;73281;12.66;12,66
Rafael Martins;73336;2.0;2
Getterson;73340;0.87;0,87
Samuel Xavier;73384;3.84;3,84
Rafael Vaz;73421;8.61;8,61
ƒderson;73446;5.77;5,77
Maranh‹o;73513;1.78;1,78
Gabriel;73515;2.17;2,17
Douglas Pires;73517;4.0;4
Rog_rio;73540;6.43;6,43
Wellington Nem;73619;7.13;7,13
Bruno Alves;73620;4.76;4,76
Rildo;73635;8.73;8,73
Lucas Pratto;73649;14.96;14,96
Marcos Vin’cius;73721;5.92;5,92
Rodrigo Caio;73800;9.15;9,15
Lennon;73869;3.09;3,09
Jomar;73876;1.5;1,5
Geuv‰nio;73896;7.91;7,91
Canteros;73918;5.48;5,48
Alison;73974;6.34;6,34
Ren_;73978;2.2;2,2
Walisson Maia;73991;4.44;4,44
Rodinei;73992;8.97;8,97
Luiz Antonio ;74060;7.62;7,62
Gatito Fern‡ndez;74061;18.02;18,02
Guilherme Costa;74081;4.59;4,59
Arroyo;74134;3.42;3,42
ƒlber;74140;5.2;5,2
Alejandro Guerra;74213;11.61;11,61
Edigar Junio;74271;10.16;10,16
Paolo Guerrero;75295;11.33;11,33
Yago;77500;4.25;4,25
Leandro Silva;77529;9.46;9,46
Jorginho;77544;5.53;5,53
Thom‡s;77551;6.16;6,16
Rodrigo Milanez;77555;2.0;2
Bruno Br’gido;77556;3.48;3,48
Copete;77959;7.45;7,45
Mena;77967;7.72;7,72
Madson;78077;4.02;4,02
C_sar;78086;2.95;2,95
Gustavo Henrique;78248;6.0;6
Douglas Grolli;78407;6.77;6,77
Renê;78445;7.61;7,61
Willian Ar‹o;78478;10.16;10,16
Arnaldo;78497;10.55;10,55
Jean Mota;78548;6.06;6,06
Douglas Friedrich;78584;10.17;10,17
Gabriel;78605;8.49;8,49
Bryan;78632;3.45;3,45
Ramiro;78715;15.33;15,33
Gabriel Gasparotto;78839;2.0;2
Pedro Castro;78840;5.23;5,23
Reinaldo;78850;12.89;12,89
Thiago Santos;78855;5.35;5,35
Marc‹o Silva;78856;7.01;7,01
Petros;78891;13.73;13,73
Naldo;78897;6.38;6,38
Leandro Pereira;78968;5.86;5,86
Mois_s Ribeiro;78991;3.42;3,42
Eduardo Henrique;78994;3.78;3,78
William Alves;79032;1.84;1,84
Luiz Felipe;79035;4.62;4,62
Thomaz;79041;4.12;4,12
Tiago ;79042;10.2;10,2
Alex Muralha;79066;3.22;3,22
Ricardo Silva;79334;2.59;2,59
Mansur;79553;5.0;5
Sass‡;79578;7.43;7,43
Lucas Silva;79701;4.3;4,3
Ant™nio Carlos ;79702;2.91;2,91
Fabiano;79887;4.14;4,14
Nen_n;79892;2.23;2,23
Helton Leite;79973;3.32;3,32
Brenner;80080;9.47;9,47
Matheus Mancini;80124;1.36;1,36
Jadson;80129;3.49;3,49
Nadson;80140;0.99;0,99
Marcos Junior;80188;4.37;4,37
Lucas Fonseca;80189;6.27;6,27
Yago Pikachu;80196;10.78;10,78
Cleberson;80281;2.69;2,69
Matheus Vidotto;80286;3.0;3
Gilberto ;80313;9.69;9,69
Ezequiel ;80318;6.27;6,27
Arthur ;80337;11.21;11,21
Ariel Cabral;80363;4.88;4,88
Edson;80370;13.55;13,55
Wanderson;80373;4.0;4
Michael;80537;2.0;2
Luan;80692;5.83;5,83
Pedro Geromel;80853;13.91;13,91
Marlone;80944;5.13;5,13
Vitor Prada;81094;1.0;1
Mayke;81150;8.58;8,58
Thallyson;81219;1.17;1,17
Erazo;81223;3.98;3,98
Oswaldo Henr’quez;81241;6.38;6,38
Cazares;81682;8.31;8,31
Andr_s R’os;81684;3.93;3,93
Clayton;81770;5.89;5,89
Alisson;81845;12.18;12,18
Osman;81898;2.99;2,99
Wellington Simi‹o;81903;2.79;2,79
Henrique Dourado;81905;20.03;20,03
Cueva;82411;10.51;10,51
Z_ Rafael ;82455;19.93;19,93
Douglas Coutinho ;82469;3.26;3,26
Reginaldo;82515;4.73;4,73
Mois_s;82567;1.8;1,8
Alan Costa;82613;7.02;7,02
Maurinho;82625;4.36;4,36
Matheus Galdezani;82634;5.51;5,51
L_o Artur;82644;2.33;2,33
R_gis;82647;13.63;13,63
Andr_ Castro;82754;2.83;2,83
Gilvan;82773;4.4;4,4
Joel;82787;3.57;3,57
Toshi;82791;3.0;3
Tomas Bastos;82817;11.25;11,25
Matheus Ribeiro;82943;5.76;5,76
Otero;83004;11.31;11,31
Rafael Thyere;83048;6.24;6,24
Yuri;83263;1.7;1,7
Marcos Guilherme ;83266;9.44;9,44
Patrick;83433;11.48;11,48
Fagner Alem‹o;83522;10.49;10,49
Thiago Martins;83615;3.73;3,73
Neilton;83772;7.39;7,39
Neris;83786;2.22;2,22
Jœlio C_sar ;83813;2.44;2,44
Clayson;83817;14.03;14,03
Diego Tavares;83869;5.83;5,83
Feij‹o;84313;0.96;0,96
Danilo Barcelos;84382;5.12;5,12
Romarinho;84523;0.79;0,79
Lucas Romero;84558;7.95;7,95
Allione;84585;9.93;9,93
Judson;84691;5.21;5,21
Niltinho;84703;3.69;3,69
Denilson;84718;2.86;2,86
Claudinei Oliveira;84761;8.63;8,63
Luan Peres ;84847;2.42;2,42
Erik;84848;3.53;3,53
Lucas C‰ndido;84851;4.0;4
Lucas Frigeri;84854;1.0;1
Raul Prata;84855;5.36;5,36
Alex Silva;84861;5.29;5,29
Alberto Valentim;84863;15.08;15,08
Euller ;84890;6.31;6,31
Henrique;84893;8.49;8,49
Lucas Ot‡vio ;84896;2.96;2,96
Jeferson;84917;5.14;5,14
Elder Santana;84925;1.4;1,4
Yago;84926;2.25;2,25
Dod™;84927;4.26;4,26
Marcos Felipe ;85004;3.0;3
Vinicius Silvestre;85083;2.0;2
Robert ;85121;3.15;3,15
Ronaldo;85149;3.2;3,2
Thalles;85211;3.58;3,58
Yerry Mina;85241;14.0;14
Berr’o ;85300;4.45;4,45
Uilson;85418;4.0;4
Vald’via;85423;8.75;8,75
Jo‹o Paulo;85425;2.97;2,97
Jonas;85586;8.55;8,55
Artur;85591;4.0;4
L_o;85626;3.35;3,35
Daniel;85629;4.49;4,49
Hyoran;85931;2.38;2,38
Borja;86120;15.91;15,91
Wanderson;86143;5.74;5,74
Morato;86227;3.0;3
Victor Luis;86410;13.05;13,05
Breno Lopes;86411;3.43;3,43
Keno;86485;7.74;7,74
Jandrei;86508;4.78;4,78
Everton Felipe;86519;4.41;4,41
Tchê Tchê;86686;7.45;7,45
Richard;86711;5.49;5,49
Jonathan;86713;3.02;3,02
Luiz‹o;86724;0.79;0,79
Lucas Rex;86745;2.0;2
Everton;86757;10.5;10,5
Luan;86759;19.48;19,48
Lucas Macanhan;86760;2.0;2
Sidcley;86764;14.72;14,72
Matheus Rossetto;86766;4.32;4,32
Jordi;86776;2.81;2,81
Henrique Gelain;86783;1.0;1
Raniel;86797;2.4;2,4
Jos_ Welison;86859;3.16;3,16
Vinicius;86861;2.0;2
Luiz Ot‡vio ;86863;5.26;5,26
Capa;86874;11.37;11,37
Rodrigo;86935;3.27;3,27
Eduardo Bauermann;86970;2.66;2,66
Emerson Santos;86972;0.78;0,78
Leonardo;86973;2.19;2,19
Caio C_sar;86974;3.23;3,23
L_o;87008;4.77;4,77
Beto da Silva;87028;3.1;3,1
Matheus Peixoto;87098;1.0;1
C’cero;87158;2.0;2
Zeca;87192;11.62;11,62
Eduardo Baptista;87211;8.83;8,83
Pedro Henrique;87225;9.55;9,55
Guilherme Arana;87228;9.97;9,97
Kannemann;87342;12.44;12,44
Buffarini;87350;7.28;7,28
Gabriel;87393;10.18;10,18
Rodrig‹o;87398;2.97;2,97
Ca’que S‡;87437;1.94;1,94
Matheus Reis;87486;4.54;4,54
Vitor Bueno;87552;9.29;9,29
Tr_llez;87679;7.84;7,84
L_o Santos;87743;3.0;3
Yago;87747;4.33;4,33
Zeballos;87859;3.0;3
Arrascaeta;87863;9.37;9,37
Felipe Gedoz ;87864;7.52;7,52
Fernando Guerrero;87872;2.89;2,89
Orejuela;87874;8.44;8,44
Sornoza;87877;12.54;12,54
Balbuena;87887;10.85;10,85
Jœnior;87946;1.02;1,02
Gustavo Scarpa;87999;13.12;13,12
Serginho;88002;1.21;1,21
Warian Santos ;88030;1.0;1
Ramon;88087;4.41;4,41
Ivan;88136;2.0;2
Daniel Guedes ;88225;4.39;4,39
çngel Romero;88323;12.11;12,11
Jean Patrick;88379;3.08;3,08
Iago;88417;3.48;3,48
Jo‹o Vitor ;88539;1.0;1
Lucas Crispim;88597;2.39;2,39
Vin’cius Tanque;88651;1.9;1,9
Igor;88667;4.67;4,67
Bruno Paulista;88933;4.71;4,71
Jean;89150;9.94;9,94
Judivan ;89190;3.59;3,59
Balbino;89227;0.79;0,79
Andreazzi;89253;2.0;2
Jo‹o Pedro ;89273;4.52;4,52
Matheus Sales;89285;3.39;3,39
Caju;89342;3.5;3,5
Jœnior Tavares;89343;10.87;10,87
Saulo;89492;1.18;1,18
Igor Rabello;89493;10.41;10,41
Nickson;89676;3.0;3
Leonan;89693;2.69;2,69
James Dean;89694;1.0;1
Romulo;89696;8.14;8,14
Gustavo Ferrareis;89815;5.11;5,11
Pisculichi;89871;4.13;4,13
Leandrinho;89885;3.07;3,07
R—ger Guedes;89898;6.58;6,58
Dudu;89919;1.0;1
Andrigo;89930;6.71;6,71
Geferson;89976;8.96;8,96
Mendoza;90031;6.43;6,43
Bruno Pacheco;90061;8.22;8,22
Bruno Henrique;90285;13.49;13,49
Jailson;90290;3.82;3,82
David;90309;5.66;5,66
Araœjo;90334;1.0;1
Luiz Fernando ;90366;1.94;1,94
Fernandes;90399;2.8;2,8
Mois_s;90444;3.02;3,02
Jefferson Nem;90455;0.79;0,79
Raul;90531;1.0;1
Arthur;90532;8.65;8,65
Alex;90535;3.3;3,3
Rafael Longuine;90566;1.08;1,08
Yuri;90569;0.79;0,79
Jefferson;90586;1.0;1
Cascardo;90587;3.73;3,73
Lucas Mineiro;90634;1.88;1,88
Luiz Fernando ;90715;4.64;4,64
Fabr’cio Bruno;90768;4.06;4,06
Elias;90843;4.0;4
Wallace;90892;1.0;1
Lucas Fernandes;90899;4.53;4,53
Jean;90933;11.9;11,9
Pavez;90959;4.76;4,76
Evandro;91001;0.76;0,76
Alison;91003;1.0;1
Ronaldo;91101;1.0;1
Fl‡vio;91102;2.12;2,12
Jesiel;91156;3.21;3,21
Gustavo Blanco;91191;2.16;2,16
Thiago;91194;4.24;4,24
Pepê;91201;3.7;3,7
ƒder ;91203;2.34;2,34
Warleson;91204;1.0;1
Lucas Perri;91260;2.0;2
Matheus Savio;91264;10.1;10,1
Jo‹o Paulo Sanches;91318;6.97;6,97
Bruno Bispo;91359;2.42;2,42
Rodrigo Ramos;91388;2.89;2,89
Leonardo Valencia;91508;4.7;4,7
Kazim;91519;1.02;1,02
Arboleda;91573;8.24;8,24
Careca;91634;2.0;2
Adryelson;91664;2.0;2
Eduardo;91688;1.0;1
Marlon;91706;4.9;4,9
Marciel;91714;4.01;4,01
Diego;91783;1.0;1
Ca’que França;91808;1.43;1,43
Nogueira;91815;2.72;2,72
Breno;91842;1.0;1
Z_ Ivaldo;91866;1.5;1,5
Silva;91917;2.67;2,67
Everson;91929;1.76;1,76
Jo‹o Paulo;91972;3.35;3,35
Lucas Marques;91973;2.81;2,81
Gabriel F_lix;92057;2.21;2,21
Wallace;92078;2.0;2
M‡rio;92084;1.0;1
Jair Ventura;92180;12.42;12,42
Juninho;92182;8.69;8,69
Ravanelli;92193;8.16;8,16
Ca’que;92207;4.28;4,28
Matheus Phillipe;92438;1.0;1
Douglas;92497;3.79;3,79
Lucas Lovat;92501;3.0;3
Batista;92504;3.39;3,39
Kaio;92574;4.24;4,24
Rafaelson;92614;1.54;1,54
Jonata;92622;1.04;1,04
Claudinho;92630;0.79;0,79
Denilson;92662;1.0;1
Daniel Paulista;92702;4.54;4,54
Deyverson;92708;8.13;8,13
Ronaldo;92981;2.72;2,72
Mateus Vital;93108;10.35;10,35
Yan;93146;1.0;1
Aderllan Santos;93296;4.78;4,78
Lucas Ver’ssimo;93368;7.67;7,67
Rodrigo Bec‹o;93369;3.41;3,41
Augusto;93378;1.0;1
Joel Carli;93414;8.44;8,44
Guilherme;93490;2.0;2
Igor;93551;4.59;4,59
Peu;93739;1.16;1,16
Lenis;93746;3.55;3,55
Alan Cardoso;93785;1.21;1,21
Andrey;93787;1.49;1,49
Evander;93788;1.6;1,6
Caio Monteiro;93789;2.25;2,25
Marlon Freitas;93790;3.0;3
Marcinho;93797;3.0;3
Alison;93806;1.3;1,3
Lucas França;93869;3.0;3
Cleiton;93882;1.0;1
Edson Jœnior;93956;2.0;2
Salazar;93986;3.0;3
Scalon;94003;2.0;2
John Victor;94044;1.0;1
Diego Gomes;94045;1.0;1
Matheus Fernandes;94067;5.37;5,37
Ribamar;94068;8.64;8,64
Matheus;94102;1.0;1
Devid;94105;1.0;1
Lucas Rocha;94119;2.99;2,99
Felipe Vizeu;94138;3.95;3,95
Thallyson;94144;0.83;0,83
Lucas Ferreira;94147;1.0;1
Maycon;94154;7.2;7,2
Guilherme;94207;6.62;6,62
L_o Duarte;94214;3.02;3,02
Perotti;94286;1.8;1,8
Mateus Norton;94336;1.56;1,56
Juninho;94445;0.9;0,9
Raphael Veiga;94509;3.65;3,65
Pedro;94583;3.97;3,97
L_o Principe;94765;3.0;3
C_sar;94854;1.0;1
Jonatan Gomez;94857;3.44;3,44
Capixaba;94894;0.87;0,87
Lucas Paquet‡;94930;3.62;3,62
Lucas Fernandes;94931;4.0;4
Luc‹o;94962;1.0;1
Deijair ;94966;1.0;1
Juninho Capixaba;94968;2.46;2,46
Lu’s Fernando;94971;3.0;3
Marco Ant™nio;94975;3.0;3
Kaynan;94978;1.0;1
Dod™;94985;7.28;7,28
Thalis ;95022;0.81;0,81
Luis Guilherme;95023;2.0;2
Jœnior Ramos;95054;1.0;1
Moraes;95058;1.0;1
Celis;95071;2.0;2
Nicolas;95127;3.27;3,27
êndio;95180;1.73;1,73
Vitinho;95260;1.0;1
Luquinhas;95263;1.01;1,01
Bruno Xavier;95288;0.79;0,79
êndio;95315;2.0;2
Marcinho;95332;4.17;4,17
Matheus Jesus;95335;3.61;3,61
Ded_;95438;1.0;1
Luiz Felipe;95483;2.0;2
Fabr’cio;95539;1.37;1,37
Orinho;95542;3.02;3,02
Renan Gorne;95543;0.76;0,76
Pedro;95550;0.79;0,79
Messidoro;95562;2.15;2,15
Vico;95622;1.0;1
Marcelo;95638;5.25;5,25
Filipinho;95651;2.0;2
Araruna;95660;1.78;1,78
Lucas Kal;95662;2.0;2
Trauco;95738;5.7;5,7
Z_ Ricardo;95780;11.72;11,72
Nathan;95794;1.0;1
Gustavo Bochecha;95798;2.0;2
L_o Santos;95820;4.38;4,38
Ca’que;95831;1.0;1
Fabi‡n Noguera;95837;3.34;3,34
Sander;95843;9.52;9,52
Felipe;95849;1.0;1
Daniel Fuzato;95936;1.0;1
Yan;96055;1.58;1,58
Machado;96089;2.07;2,07
Matheus Oliveira;96328;1.05;1,05
Geovane;96349;3.0;3
Cassiano;96411;1.0;1
Ralph;96433;1.04;1,04
Victor Lindenberg;96524;0.78;0,78
Renan Lodi;96591;4.0;4
Carlinhos;96831;1.71;1,71
Rodrigo Figueiredo;96832;1.79;1,79
Emerson;96870;0.79;0,79
Arthur Gomes;96966;3.24;3,24
Dida;97138;1.0;1
Mantuan;97315;0.79;0,79
Gabriel Furtado;97322;0.79;0,79
Daniel;97349;1.0;1
Romercio;97443;1.63;1,63
Julio Rusch;97444;3.0;3
Thalisson Kelven;97448;1.04;1,04
Vitor Carvalho;97449;0.79;0,79
Marcos Calazans;97452;5.76;5,76
Filigrana;97502;2.3;2,3
Shaylon;97520;2.86;2,86
Matheus Alessandro;97527;2.62;2,62
Frazan;97528;1.06;1,06
Jean Pineda;97532;2.38;2,38
Hiago;97535;1.0;1
Bryan;97536;1.0;1
Busanello;97537;1.0;1
Marcio;97538;5.37;5,37
Vin’cius Guarapuava;97540;1.0;1
Marco Tœlio;97546;1.0;1
Thiago Couto;97645;1.0;1
Murilo;97653;2.54;2,54
Yan;97680;2.0;2
Reynaldo;97768;2.0;2
Yuri;97769;1.05;1,05
Thiaguinho;97771;2.0;2
Iba–ez;97803;1.0;1
Nonoca;97856;2.83;2,83
Jhemerson;97863;3.62;3,62
Patrick Correia;97877;1.0;1
Jacy;97878;1.0;1
Matheus Anjos;97879;0.93;0,93
Murillo;97880;1.0;1
Vit‹o;97900;1.0;1
Rafael;97902;1.0;1
Ma’lson;98034;1.0;1
Caio;98035;2.0;2
Luiz Felipe;98056;2.0;2
Rodrigo Pelezinho;98184;1.42;1,42
Cedric;98221;2.0;2
Evanderson;98315;1.0;1
Gabriel Batista;98333;1.0;1
Bruno Guimar‹es;98352;0.79;0,79
Jo‹o Victor;98382;1.0;1
Patrick Luan;98401;1.0;1
Wendel;98402;13.04;13,04
Tiepo;98412;1.0;1
Kanu;98484;1.0;1
Lucas Silva;98515;2.0;2
Loran ;98516;1.0;1
Jean Lucas;98517;2.0;2
Pedrinho;98706;1.1;1,1
Z_ Augusto;98762;1.0;1
Marquinho;98765;1.38;1,38
Emanuel;98766;1.0;1
Fl‡vio;98774;1.0;1
Jean Pyerre;98832;3.49;3,49
Marcelo;98874;2.0;2
Derlan;98945;1.0;1
L_o Natel;98952;0.92;0,92
Riuler;99021;2.0;2
Lourenço;99032;1.49;1,49
Jo‹o Victor;99033;2.0;2
Elias;99034;2.0;2
Pedro Vitor;99035;1.0;1
Pedro Bortoluzo;99041;3.0;3
Dayvid;99254;1.0;1
Pedro Henryque;99255;2.0;2
Alesandro;99256;1.0;1
Jo‹o Erick;99257;2.0;2
Matheus Bezerra;99258;1.0;1
Lucas êndio;99353;1.0;1
Vin’cius;99356;2.0;2
Lucas Vin’cius;99388;1.0;1
Alexsander;99411;1.0;1
ƒder Milit‹o;99424;3.16;3,16
Felipe;99425;1.0;1
Diego;99430;1.0;1
Caio;99460;1.0;1
Daniel;99461;1.0;1
Wenderson;99474;0.78;0,78
Vinicius Junior;99535;3.0;3
Fernando;99550;1.0;1
Robinho;99574;2.43;2,43
Paulo Vitor;99588;1.86;1,86
Bruno Cosendey;99615;2.21;2,21
Felipe Saraiva;99616;1.78;1,78
Conrado;99625;2.08;2,08
Esperon;99628;1.0;1
Jadson;99629;1.0;1
Igor C‡ssio;99661;1.0;1
Elano;99669;9.07;9,07
Arthur;99670;0.82;0,82
Mascarenhas;99721;4.43;4,43
Brenner;99789;1.36;1,36
Bremer;99817;2.59;2,59
Paulinho;99818;6.32;6,32
Douglas;99824;1.11;1,11
Leonardo Simas;99832;1.0;1
Dionath‹;99834;1.51;1,51
L_o Passos;99878;2.0;2
Ricardo;99881;2.0;2
Fabiano Soares;99882;10.73;10,73
Penilla;99883;3.87;3,87
Luis Ali;99892;1.16;1,16
Jœnior Brumado;99894;0.98;0,98
Luanzinho;99900;2.86;2,86
Lucas Campos;99903;0.79;0,79
Ezequiel;99915;2.15;2,15
Patrick;99918;2.09;2,09
Khevin;99921;1.0;1
Lucas Formiga;99959;0.79;0,79
Rickson;100002;1.0;1
Lincoln;100065;0.93;0,93
Igor;100084;1.0;1
Pedro Augusto;100085;1.0;1
Lucas;100100;1.0;1
Thuler;100125;1.0;1
Klebinho;100126;2.0;2
Pablo Maldini;100127;1.0;1
Lucas Poletto;100132;0.86;0,86
Lucas Soares;100158;1.0;1
Vander;100159;1.0;1
Ronaldo;100162;1.0;1
Urue–a;100178;3.0;3
Pedr‹o;100322;2.0;2
Paulo B—ia;100333;1.0;1
Alisson;100337;1.0;1
L_o Andrade;100342;1.0;1
Amilcar;100458;1.0;1
Weverton Almeida;100459;1.0;1
John Kleber;100648;0.79;0,79
Rodrygo;100651;0.98;0,98
Yuri Alberto;100652;0.79;0,79
Diogo;100683;1.0;1
Fernando;100695;0.79;0,79
Filipe;100712;1.0;1
Guilherme Guedes;100741;1.0;1
Matheuzinho;100742;1.83;1,83
Matheus Guedes;100746;1.0;1
Liziero;100761;1.0;1
Bissoli;100762;1.45;1,45
Gabriel;100763;1.26;1,26
Marcos Moser;100795;1.0;1
Emerson Barbosa;100800;0.79;0,79
Brenno;100830;1.0;1
Ericson;100839;0.79;0,79
Emanuel;100840;0.79;0,79
Ruan;100842;0.79;0,79
Felipe;100843;2.02;2,02
Lucas Araœjo;100844;1.0;1
Alanzinho;100845;1.0;1
Esteves;100846;1.0;1
An’bal;100847;1.0;1
Luan C‰ndido;100848;1.0;1
Guilherme Vieira;100849;1.0;1